domain_id,level,title,source_file,question_count,canonical_top,canonical_sub
riya-cv-i,middle,Riya Cv I,Riya CV.zip/Riya_CV_I.tex,3,Uncategorized,Uncategorized
riya-cv-ii,middle,Riya Cv Ii,Riya CV.zip/Riya_CV_II.tex,3,Uncategorized,Uncategorized
riya-cv-iii,middle,Riya Cv Iii,Riya CV.zip/Riya_CV_III.tex,3,Uncategorized,Uncategorized
riya-cv-iv,middle,Riya Cv Iv,Riya CV.zip/Riya_CV_IV.tex,3,Uncategorized,Uncategorized
july,middle,July,Sitting Plan.zip/July.tex,3,Uncategorized,Uncategorized
august,middle,August,Sitting Plan.zip/August.tex,3,Uncategorized,Uncategorized
september,middle,September,Sitting Plan.zip/September.tex,3,Uncategorized,Uncategorized
october,middle,October,Sitting Plan.zip/October.tex,3,Uncategorized,Uncategorized
april,middle,April,Sitting Plan.zip/April.tex,3,Uncategorized,Uncategorized
p-1,middle,P 1,Aptitude.zip/P_1.tex,3,Uncategorized,Uncategorized
p-2,middle,P 2,Aptitude.zip/P_2.tex,3,Uncategorized,Uncategorized
p-3,middle,P 3,Aptitude.zip/P_3.tex,3,Uncategorized,Uncategorized
p-4,middle,P 4,Aptitude.zip/P_4.tex,3,Uncategorized,Uncategorized
percentage,middle,Percentage,Aptitude.zip/Percentage.tex,3,Number Sense & Arithmetic,Percentages
time-and-work,middle,Time And Work,Aptitude.zip/Time_and_Work.tex,3,Number Sense & Arithmetic,Time & Work
interest,middle,Interest,Aptitude.zip/Interest.tex,3,Number Sense & Arithmetic,Simple & Compound Interest
proportion,middle,Proportion,Aptitude.zip/Proportion.tex,3,Number Sense & Arithmetic,Ratio & Proportion
boat,middle,Boat,Aptitude.zip/Boat.tex,3,Uncategorized,Uncategorized
number-system,middle,Number System,Aptitude.zip/Number_System.tex,3,Uncategorized,Uncategorized
p-5,middle,P 5,Aptitude.zip/P_5.tex,3,Uncategorized,Uncategorized
p-6,middle,P 6,Aptitude.zip/P_6.tex,3,Uncategorized,Uncategorized
p-7,middle,P 7,Aptitude.zip/P_7.tex,3,Uncategorized,Uncategorized
p-8,middle,P 8,Aptitude.zip/P_8.tex,3,Uncategorized,Uncategorized
p-9,middle,P 9,Aptitude.zip/P_9.tex,3,Uncategorized,Uncategorized
p-10,middle,P 10,Aptitude.zip/P_10.tex,3,Uncategorized,Uncategorized
p-11,middle,P 11,Aptitude.zip/P_11.tex,3,Uncategorized,Uncategorized
p-12,middle,P 12,Aptitude.zip/P_12.tex,3,Uncategorized,Uncategorized
p-13,middle,P 13,Aptitude.zip/P_13.tex,3,Uncategorized,Uncategorized
p-14,middle,P 14,Aptitude.zip/P_14.tex,3,Uncategorized,Uncategorized
p-15,middle,P 15,Aptitude.zip/P_15.tex,3,Uncategorized,Uncategorized
main,middle,Main,X Pansy Details List.zip/main.tex,3,Uncategorized,Uncategorized
short-detail-list,middle,Short Detail List,X Pansy Details List.zip/Short Detail List.tex,3,Uncategorized,Uncategorized
students-collection-form,middle,Students Collection Form,X Pansy Details List.zip/Students Collection Form.tex,3,Uncategorized,Uncategorized
accountability-form,middle,Accountability Form,X Pansy Details List.zip/Accountability Form.tex,3,Uncategorized,Uncategorized
leave-application-format,middle,Leave Application Format,X Pansy Details List.zip/Leave Application Format.tex,3,Uncategorized,Uncategorized
x-pansy-result-session-2024-25,middle,X Pansy Result Session 2024 25,X Pansy Details List.zip/X Pansy Result Session 2024-25.tex,3,Uncategorized,Uncategorized
long-detail-list,middle,Long Detail List,X Pansy Details List.zip/Long Detail List.tex,3,Uncategorized,Uncategorized
apaar,middle,Apaar,X Pansy Details List.zip/APAAR.tex,3,Uncategorized,Uncategorized
frontpage,middle,Frontpage,Class 10 Module 1.zip/frontpage.tex,3,Uncategorized,Uncategorized
ap1,middle,Ap1,Class 10 Module 1.zip/AP1.tex,3,Uncategorized,Uncategorized
ap2,middle,Ap2,Class 10 Module 1.zip/AP2.tex,3,Uncategorized,Uncategorized
consistency,middle,Consistency,Class 10 Module 1.zip/Consistency.tex,3,Uncategorized,Uncategorized
elimination,middle,Elimination,Class 10 Module 1.zip/Elimination.tex,3,Uncategorized,Uncategorized
factorisation,middle,Factorisation,Class 10 Module 1.zip/Factorisation.tex,3,Uncategorized,Uncategorized
fractions1,middle,Fractions1,Class 10 Module 1.zip/fractions1.tex,3,Number Sense & Arithmetic,Fractions
fractions2,middle,Fractions2,Class 10 Module 1.zip/fractions2.tex,3,Number Sense & Arithmetic,Fractions
fta,middle,Fta,Class 10 Module 1.zip/FTA.tex,3,Uncategorized,Uncategorized
graph1,middle,Graph1,Class 10 Module 1.zip/Graph1.tex,3,Uncategorized,Uncategorized
graph2,middle,Graph2,Class 10 Module 1.zip/Graph2.tex,3,Uncategorized,Uncategorized
graph3,middle,Graph3,Class 10 Module 1.zip/Graph3.tex,3,Uncategorized,Uncategorized
graph4,middle,Graph4,Class 10 Module 1.zip/Graph4.tex,3,Uncategorized,Uncategorized
graph5,middle,Graph5,Class 10 Module 1.zip/Graph5.tex,3,Uncategorized,Uncategorized
hcflcm,middle,Hcflcm,Class 10 Module 1.zip/HCFLCM.tex,3,Uncategorized,Uncategorized
hcflcmstatement,middle,Hcflcmstatement,Class 10 Module 1.zip/HCFLCMStatement.tex,3,Uncategorized,Uncategorized
integers,middle,Integers,Class 10 Module 1.zip/Integers.tex,3,Number Sense & Arithmetic,Integers
irrational1,middle,Irrational1,Class 10 Module 1.zip/irrational1.tex,3,Number Sense & Arithmetic,Ratio & Proportion
irrational2,middle,Irrational2,Class 10 Module 1.zip/irrational2.tex,3,Number Sense & Arithmetic,Ratio & Proportion
middle,middle,Middle,Class 10 Module 1.zip/Middle.tex,3,Uncategorized,Uncategorized
middletwo,middle,Middletwo,Class 10 Module 1.zip/middletwo.tex,3,Uncategorized,Uncategorized
nth,middle,Nth,Class 10 Module 1.zip/nth.tex,3,Uncategorized,Uncategorized
pattern,middle,Pattern,Class 10 Module 1.zip/Pattern.tex,3,Uncategorized,Uncategorized
seive,middle,Seive,Class 10 Module 1.zip/Seive.tex,3,Uncategorized,Uncategorized
sn,middle,Sn,Class 10 Module 1.zip/Sn.tex,3,Uncategorized,Uncategorized
statement2,middle,Statement2,Class 10 Module 1.zip/Statement2.tex,3,Uncategorized,Uncategorized
statement3,middle,Statement3,Class 10 Module 1.zip/Statement3.tex,3,Uncategorized,Uncategorized
statements,middle,Statements,Class 10 Module 1.zip/Statements.tex,3,Uncategorized,Uncategorized
substitution,middle,Substitution,Class 10 Module 1.zip/Substitution.tex,3,Uncategorized,Uncategorized
surds,middle,Surds,Class 10 Module 1.zip/Surds.tex,3,Uncategorized,Uncategorized
tree,middle,Tree,Class 10 Module 1.zip/tree.tex,3,Uncategorized,Uncategorized
zeroes,middle,Zeroes,Class 10 Module 1.zip/Zeroes.tex,3,Uncategorized,Uncategorized
asa,middle,Asa,Lesson Plan.zip/ASA.tex,3,Uncategorized,Uncategorized
sss,middle,Sss,Lesson Plan.zip/SSS.tex,3,Uncategorized,Uncategorized
sas,middle,Sas,Lesson Plan.zip/SAS.tex,3,Uncategorized,Uncategorized
rhs,middle,Rhs,Lesson Plan.zip/RHS.tex,3,Uncategorized,Uncategorized
aas,middle,Aas,Lesson Plan.zip/AAS.tex,3,Uncategorized,Uncategorized
trigonometry-2,middle,Trigonometry 2,Lesson Plan.zip/Trigonometry_2.tex,3,Uncategorized,Uncategorized
trigonometry-1,middle,Trigonometry 1,Lesson Plan.zip/Trigonometry_1.tex,3,Uncategorized,Uncategorized
irrationals-2,middle,Irrationals 2,Lesson Plan.zip/Irrationals_2.tex,3,Number Sense & Arithmetic,Ratio & Proportion
irrationals-1,middle,Irrationals 1,Lesson Plan.zip/Irrationals_1.tex,3,Number Sense & Arithmetic,Ratio & Proportion
statistics-1,middle,Statistics 1,Class 11.zip/Statistics_1.tex,3,Uncategorized,Uncategorized
statistics-2,middle,Statistics 2,Class 11.zip/Statistics_2.tex,3,Uncategorized,Uncategorized
final-exam,middle,Final Exam,Class 11.zip/Final Exam.tex,3,Uncategorized,Uncategorized
test-1,middle,Test 1,Standard class 10 Final Prep.zip/Test_1.tex,3,Uncategorized,Uncategorized
acid-bases-and-salts-test,middle,Acid Bases And Salts Test,Science.zip/Acid Bases and Salts Test.tex,3,Uncategorized,Uncategorized
light,middle,Light,Science.zip/Light.tex,3,Uncategorized,Uncategorized
nayan-notes,middle,Nayan Notes,Science.zip/Nayan_Notes.tex,3,Uncategorized,Uncategorized
nayan-mcqs,middle,Nayan Mcqs,Science.zip/Nayan_MCQs.tex,3,Uncategorized,Uncategorized
pyqs,middle,Pyqs,Science.zip/PYQs.tex,3,Uncategorized,Uncategorized
pyqs-1,middle,Pyqs 1,Science.zip/PYQs_1.tex,3,Uncategorized,Uncategorized
w1,middle,W1,Class 10 Surface Area and Volume.zip/W1.tex,3,Uncategorized,Uncategorized
w1-answers,middle,W1 Answers,Class 10 Surface Area and Volume.zip/W1_Answers.tex,3,Uncategorized,Uncategorized
w2,middle,W2,Class 10 Surface Area and Volume.zip/W2.tex,3,Uncategorized,Uncategorized
w2-answers,middle,W2 Answers,Class 10 Surface Area and Volume.zip/W2_Answers.tex,3,Uncategorized,Uncategorized
w3,middle,W3,Class 10 Surface Area and Volume.zip/W3.tex,3,Uncategorized,Uncategorized
w3-answers,middle,W3 Answers,Class 10 Surface Area and Volume.zip/W3_Answers.tex,3,Uncategorized,Uncategorized
test,middle,Test,Class 10 Surface Area and Volume.zip/Test.tex,3,Uncategorized,Uncategorized
test-2,middle,Test 2,Class 10 Surface Area and Volume.zip/Test_2.tex,3,Uncategorized,Uncategorized
w4,middle,W4,Class 10 Surface Area and Volume.zip/W4.tex,3,Uncategorized,Uncategorized
w5,middle,W5,Class 10 Surface Area and Volume.zip/W5.tex,3,Uncategorized,Uncategorized
w6,middle,W6,Class 10 Surface Area and Volume.zip/W6.tex,3,Uncategorized,Uncategorized
w7,middle,W7,Class 10 Surface Area and Volume.zip/W7.tex,3,Uncategorized,Uncategorized
w8,middle,W8,Class 10 Surface Area and Volume.zip/W8.tex,3,Uncategorized,Uncategorized
w9,middle,W9,Class 10 Surface Area and Volume.zip/W9.tex,3,Uncategorized,Uncategorized
scaling-2,middle,Scaling 2,Statistics.zip/Scaling_2.tex,3,Uncategorized,Uncategorized
scaling-1,middle,Scaling 1,Statistics.zip/Scaling_1.tex,3,Uncategorized,Uncategorized
histogram-1,middle,Histogram 1,Statistics.zip/Histogram_1.tex,3,Uncategorized,Uncategorized
histogram-2,middle,Histogram 2,Statistics.zip/Histogram_2.tex,3,Uncategorized,Uncategorized
w5-answers,middle,W5 Answers,Class 10 Arithmetic Progression.zip/W5_Answers.tex,3,Uncategorized,Uncategorized
w10,middle,W10,Class 10 Arithmetic Progression.zip/W10.tex,3,Uncategorized,Uncategorized
w11,middle,W11,Class 10 Chapterwise.zip/W11.tex,3,Uncategorized,Uncategorized
w12,middle,W12,Class 10 Chapterwise.zip/W12.tex,3,Uncategorized,Uncategorized
w13,middle,W13,Class 10 Chapterwise.zip/W13.tex,3,Uncategorized,Uncategorized
w14,middle,W14,Class 10 Chapterwise.zip/W14.tex,3,Uncategorized,Uncategorized
front,middle,Front,Class 10 Chapterwise.zip/front.tex,3,Uncategorized,Uncategorized
index,middle,Index,Class 10 Chapterwise.zip/index.tex,3,Uncategorized,Uncategorized
perimeter,middle,Perimeter,Class 6.zip/Perimeter.tex,3,Uncategorized,Uncategorized
perimeter-2,middle,Perimeter 2,Class 6.zip/Perimeter_2.tex,3,Uncategorized,Uncategorized
perimeter-and-area-worksheet,middle,Perimeter And Area Worksheet,Class 6.zip/Perimeter and Area Worksheet.tex,3,Number Sense & Arithmetic,Time & Work
fractions-worksheet,middle,Fractions Worksheet,Class 6.zip/Fractions Worksheet.tex,3,Number Sense & Arithmetic,Fractions
construction-worksheet,middle,Construction Worksheet,Class 6.zip/Construction Worksheet.tex,3,Number Sense & Arithmetic,Time & Work
flt,middle,Flt,Class 6.zip/FLT.tex,3,Uncategorized,Uncategorized
symmetry,middle,Symmetry,Class 6.zip/Symmetry.tex,3,Uncategorized,Uncategorized
symmetry-2,middle,Symmetry 2,Class 6.zip/Symmetry_2.tex,3,Uncategorized,Uncategorized
symmetry-3,middle,Symmetry 3,Class 6.zip/Symmetry_3.tex,3,Uncategorized,Uncategorized
answer-key,middle,Answer Key,Trigonometry Worksheet.zip/Answer Key.tex,3,Number Sense & Arithmetic,Time & Work
trigonometry-worksheet,middle,Trigonometry Worksheet,Trigonometry Worksheet.zip/Trigonometry Worksheet.tex,3,Number Sense & Arithmetic,Time & Work
p-3-ans,middle,P 3 Ans,Basics.zip/P_3_Ans.tex,3,Uncategorized,Uncategorized
number-system-w1,middle,Number System W1,Class 9.zip/Number System W1.tex,3,Uncategorized,Uncategorized
fraction-to-decimal-conversion-worksheet,middle,Fraction To Decimal Conversion Worksheet,Class 9.zip/Fraction to Decimal Conversion Worksheet.tex,3,Number Sense & Arithmetic,Fractions
fraction-2-decimals-l2,middle,Fraction 2 Decimals L2,Class 9.zip/Fraction 2 Decimals L2.tex,3,Number Sense & Arithmetic,Fractions
radical-w1,middle,Radical W1,Class 9.zip/Radical W1.tex,3,Uncategorized,Uncategorized
quadrilaterals,middle,Quadrilaterals,Class 9.zip/Quadrilaterals.tex,3,Geometry,Quadrilaterals
version1,middle,Version1,Scripts.zip/Version1.tex,3,Uncategorized,Uncategorized
version2,middle,Version2,Scripts.zip/Version2.tex,3,Uncategorized,Uncategorized
version3,middle,Version3,Scripts.zip/Version3.tex,3,Uncategorized,Uncategorized
version4,middle,Version4,Scripts.zip/Version4.tex,3,Uncategorized,Uncategorized
prize-distribution,middle,Prize Distribution,Scripts.zip/prize_distribution.tex,3,Uncategorized,Uncategorized
calendar,middle,Calendar,Eco_Club.zip/calendar.tex,3,Uncategorized,Uncategorized
quiz-competition-1,middle,Quiz Competition 1,Eco_Club.zip/Quiz Competition_1.tex,3,Uncategorized,Uncategorized
quiz-competition-2,middle,Quiz Competition 2,Eco_Club.zip/Quiz Competition_2.tex,3,Uncategorized,Uncategorized
members,middle,Members,Eco_Club.zip/Members.tex,3,Uncategorized,Uncategorized
evs-quiz,middle,Evs Quiz,Eco_Club.zip/EVS_Quiz.tex,3,Uncategorized,Uncategorized
portal,middle,Portal,Eco_Club.zip/Portal.tex,3,Uncategorized,Uncategorized
scramble,middle,Scramble,Eco_Club.zip/Scramble.tex,3,Uncategorized,Uncategorized
crossword,middle,Crossword,Eco_Club.zip/Crossword.tex,3,Uncategorized,Uncategorized
word-search,middle,Word Search,Eco_Club.zip/Word Search.tex,3,Uncategorized,Uncategorized
cif,middle,Cif,Higher Maths.zip/CIF.tex,3,Uncategorized,Uncategorized
notes-1,middle,Notes 1,DSSSB.zip/Notes_1.tex,3,Uncategorized,Uncategorized
notes-2,middle,Notes 2,DSSSB.zip/Notes_2.tex,3,Uncategorized,Uncategorized
notes-3,middle,Notes 3,DSSSB.zip/Notes_3.tex,3,Uncategorized,Uncategorized
question-paper,middle,Question Paper,Templates.zip/Question_Paper.tex,3,Uncategorized,Uncategorized
worksheet,middle,Worksheet,Templates.zip/Worksheet.tex,3,Number Sense & Arithmetic,Time & Work
assignment,middle,Assignment,Templates.zip/Assignment.tex,3,Uncategorized,Uncategorized
name,middle,Name,Templates.zip/name.tex,3,Uncategorized,Uncategorized
story,middle,Story,Structure of Atoms.zip/Story.tex,3,Calculus,Applications of Derivatives
notes,middle,Notes,Structure of Atoms.zip/Notes.tex,3,Calculus,Applications of Derivatives
questions,middle,Questions,Structure of Atoms.zip/Questions.tex,3,Calculus,Applications of Derivatives
notes-ii,middle,Notes Ii,Structure of Atoms.zip/Notes_II.tex,3,Calculus,Applications of Derivatives
perimeter-and-area,middle,Perimeter And Area,VI_Maths.zip/Perimeter and Area.tex,3,Uncategorized,Uncategorized
asexual,middle,Asexual,How do organism Reproduce.zip/Asexual.tex,3,Uncategorized,Uncategorized
mcqs,middle,Mcqs,Electricity.zip/MCQs.tex,3,Uncategorized,Uncategorized
numericals,middle,Numericals,Electricity.zip/Numericals.tex,3,Applied Mathematics,Numerical Methods
numericals-2,middle,Numericals 2,Electricity.zip/Numericals_2.tex,3,Applied Mathematics,Numerical Methods
numericals-3,middle,Numericals 3,Electricity.zip/Numericals_3.tex,3,Applied Mathematics,Numerical Methods
diagram,middle,Diagram,Electricity.zip/Diagram.tex,3,Uncategorized,Uncategorized
numericals-1,middle,Numericals 1,Electricity.zip/Numericals_1.tex,3,Applied Mathematics,Numerical Methods
numericals-4,middle,Numericals 4,Electricity.zip/Numericals_4.tex,3,Applied Mathematics,Numerical Methods
sec-b,middle,Sec B,APAAR.zip/SEC_B.tex,3,Uncategorized,Uncategorized
sec-a,middle,Sec A,APAAR.zip/SEC_A.tex,3,Uncategorized,Uncategorized
sec-c,middle,Sec C,APAAR.zip/SEC_C.tex,3,Uncategorized,Uncategorized
combined-1,middle,Combined 1,APAAR.zip/Combined_1.tex,3,Uncategorized,Uncategorized
combined-2,middle,Combined 2,APAAR.zip/Combined_2.tex,3,Uncategorized,Uncategorized
v1,middle,V1,Basic Vs Standard.zip/V1.tex,3,Uncategorized,Uncategorized
slide-1,middle,Slide 1,Sequence and Series.zip/Slide_1.tex,3,Algebra,Sequences & Series
slide-2,middle,Slide 2,Sequence and Series.zip/Slide_2.tex,3,Algebra,Sequences & Series
slide-3,middle,Slide 3,Sequence and Series.zip/Slide_3.tex,3,Algebra,Sequences & Series
ans,middle,Ans,Continuity.zip/Ans.tex,3,Calculus,Continuity & Differentiability
w3-sol,middle,W3 Sol,Class 12 LPP.zip/W3_Sol.tex,3,Uncategorized,Uncategorized
ans1,middle,Ans1,Piyush.zip/Ans1.tex,3,Uncategorized,Uncategorized
ans3,middle,Ans3,Piyush.zip/Ans3.tex,3,Uncategorized,Uncategorized
ans2,middle,Ans2,Piyush.zip/Ans2.tex,3,Uncategorized,Uncategorized
answer,middle,Answer,Shagun.zip/Answer.tex,3,Uncategorized,Uncategorized
sample-1,middle,Sample 1,Shagun.zip/sample_1.tex,3,Uncategorized,Uncategorized
sample-2,middle,Sample 2,Shagun.zip/sample_2.tex,3,Uncategorized,Uncategorized
sample-3,middle,Sample 3,Shagun.zip/sample_3.tex,3,Uncategorized,Uncategorized
style,middle,Style,Practical File.zip/style.tex,3,Uncategorized,Uncategorized
t1,middle,T1,Practical File.zip/Chapters/T1.tex,3,Uncategorized,Uncategorized
t2,middle,T2,Practical File.zip/Chapters/T2.tex,3,Uncategorized,Uncategorized
t3,middle,T3,Practical File.zip/Chapters/T3.tex,3,Uncategorized,Uncategorized
t4,middle,T4,Practical File.zip/Chapters/T4.tex,3,Uncategorized,Uncategorized
t5,middle,T5,Practical File.zip/Chapters/T5.tex,3,Uncategorized,Uncategorized
t6,middle,T6,Practical File.zip/Chapters/T6.tex,3,Uncategorized,Uncategorized
t7,middle,T7,Practical File.zip/Chapters/T7.tex,3,Uncategorized,Uncategorized
t8,middle,T8,Practical File.zip/Chapters/T8.tex,3,Uncategorized,Uncategorized
t9,middle,T9,Practical File.zip/Chapters/T9.tex,3,Uncategorized,Uncategorized
t10,middle,T10,Practical File.zip/Chapters/T10.tex,3,Uncategorized,Uncategorized
t11,middle,T11,Practical File.zip/Chapters/T11.tex,3,Uncategorized,Uncategorized
t12,middle,T12,Practical File.zip/Chapters/T12.tex,3,Uncategorized,Uncategorized
t14,middle,T14,Practical File.zip/Chapters/T14.tex,3,Uncategorized,Uncategorized
t13,middle,T13,Practical File.zip/Chapters/T13.tex,3,Uncategorized,Uncategorized
t15,middle,T15,Practical File.zip/Chapters/T15.tex,3,Uncategorized,Uncategorized
back,middle,Back,Practical File.zip/Others/back.tex,3,Uncategorized,Uncategorized
certification,middle,Certification,Practical File.zip/Others/certification.tex,3,Uncategorized,Uncategorized
lined,middle,Lined,Practical File.zip/Others/lined.tex,3,Uncategorized,Uncategorized
activity,middle,Activity,Practical File.zip/Others/activity.tex,3,Uncategorized,Uncategorized
preface,middle,Preface,Practical File.zip/Others/preface.tex,3,Uncategorized,Uncategorized
usage,middle,Usage,Practical File.zip/Others/usage.tex,3,Uncategorized,Uncategorized
answers,middle,Answers,Practical File.zip/Others/answers.tex,3,Uncategorized,Uncategorized
graphs,middle,Graphs,Practical File.zip/Others/graphs.tex,3,Uncategorized,Uncategorized
spine,middle,Spine,Practical File.zip/Others/spine.tex,3,Uncategorized,Uncategorized
topic-3,middle,Topic 3,Class 12 Practical File.zip/Topic 3.tex,3,Uncategorized,Uncategorized
topic-1,middle,Topic 1,Class 12 Practical File.zip/Topic 1.tex,3,Uncategorized,Uncategorized
topic-7,middle,Topic 7,Class 12 Practical File.zip/Topic 7.tex,3,Uncategorized,Uncategorized
topic-10,middle,Topic 10,Class 12 Practical File.zip/Topic 10.tex,3,Uncategorized,Uncategorized
topic-11,middle,Topic 11,Class 12 Practical File.zip/Topic 11.tex,3,Uncategorized,Uncategorized
topic-12,middle,Topic 12,Class 12 Practical File.zip/Topic 12.tex,3,Uncategorized,Uncategorized
t16,middle,T16,Class 12 Practical File.zip/T16.tex,3,Uncategorized,Uncategorized
t18,middle,T18,Class 12 Practical File.zip/T18.tex,3,Uncategorized,Uncategorized
t19,middle,T19,Class 12 Practical File.zip/T19.tex,3,Uncategorized,Uncategorized
index-0,middle,Index 0,Class 12 Practical File.zip/index_0.tex,3,Uncategorized,Uncategorized
index-1,middle,Index 1,Class 12 Practical File.zip/index_1.tex,3,Uncategorized,Uncategorized
master-old,middle,Master Old,Class 12 Practical File.zip/master_old.tex,3,Uncategorized,Uncategorized
master,middle,Master,Class 12 Practical File.zip/_master.tex,3,Uncategorized,Uncategorized
dummy,middle,Dummy,Class 12 Practical File.zip/Dummy.tex,3,Uncategorized,Uncategorized
style-old,middle,Style Old,Class 12 Practical File.zip/style_old.tex,3,Uncategorized,Uncategorized
cover,middle,Cover,cover.zip/cover.tex,3,Uncategorized,Uncategorized
ch-3-w2,middle,Ch 3 W2,Class 10 Ch 3.zip/Ch 3 W2.tex,3,Uncategorized,Uncategorized
ch-3-w3,middle,Ch 3 W3,Class 10 Ch 3.zip/Ch 3 W3.tex,3,Uncategorized,Uncategorized
ch-3-t1,middle,Ch 3 T1,Class 10 Ch 3.zip/Ch 3 T1.tex,3,Uncategorized,Uncategorized
ch-3-w7,middle,Ch 3 W7,Class 10 Ch 3.zip/Ch 3 W7.tex,3,Uncategorized,Uncategorized
ch-3-w4,middle,Ch 3 W4,Class 10 Ch 3.zip/Ch 3 W4.tex,3,Uncategorized,Uncategorized
ch-3-w5,middle,Ch 3 W5,Class 10 Ch 3.zip/Ch 3 W5.tex,3,Uncategorized,Uncategorized
ch-3-w6,middle,Ch 3 W6,Class 10 Ch 3.zip/Ch 3 W6.tex,3,Uncategorized,Uncategorized
ch-3-w8,middle,Ch 3 W8,Class 10 Ch 3.zip/Ch 3 W8.tex,3,Uncategorized,Uncategorized
ch-3-w9,middle,Ch 3 W9,Class 10 Ch 3.zip/Ch 3 W9.tex,3,Uncategorized,Uncategorized
ch-3-w10,middle,Ch 3 W10,Class 10 Ch 3.zip/Ch 3 W10.tex,3,Uncategorized,Uncategorized
ch-3-w11,middle,Ch 3 W11,Class 10 Ch 3.zip/Ch 3 W11.tex,3,Uncategorized,Uncategorized
complete-chapter-test,middle,Complete Chapter Test,Class 10 Ch 2.zip/Complete Chapter Test.tex,3,Uncategorized,Uncategorized
cyber-security,middle,Cyber Security,CU Notes.zip/Cyber Security.tex,3,Uncategorized,Uncategorized
sets-w1,middle,Sets W1,Class 11 Ch 1.zip/Sets W1.tex,3,Logical & Analytical Mathematics,Set Theory
sets-w2,middle,Sets W2,Class 11 Ch 1.zip/Sets W2.tex,3,Logical & Analytical Mathematics,Set Theory
sets-w3,middle,Sets W3,Class 11 Ch 1.zip/Sets W3.tex,3,Logical & Analytical Mathematics,Set Theory
ch-1-to-3-revision,middle,Ch 1 To 3 Revision,Revision.zip/Ch 1 to 3 Revision.tex,3,Uncategorized,Uncategorized
editorial-board-duty-list,middle,Editorial Board Duty List,St. Francis School.zip/Editorial Board Duty List.tex,3,Uncategorized,Uncategorized
eco-club-report,middle,Eco Club Report,St. Francis School.zip/Eco Club Report.tex,3,Uncategorized,Uncategorized
my-timetable,middle,My Timetable,X Pansy Time Table.zip/My TimeTable.tex,3,Number Sense & Arithmetic,"Speed, Time & Distance"
work-and-time,middle,Work And Time,Quantitative Aptitude.zip/Work and Time.tex,3,Number Sense & Arithmetic,Time & Work
addition,primary,Addition,Class 10 Module 1.zip/Addition.tex,3,Uncategorized,Uncategorized
decidivision,primary,Decidivision,Class 10 Module 1.zip/DeciDivision.tex,3,Uncategorized,Uncategorized
decimultiply,primary,Decimultiply,Class 10 Module 1.zip/DeciMultiply.tex,3,Uncategorized,Uncategorized
division,primary,Division,Class 10 Module 1.zip/Division.tex,3,Uncategorized,Uncategorized
subtraction,primary,Subtraction,Class 10 Module 1.zip/Subtraction.tex,3,Uncategorized,Uncategorized
ch-1,senior,Ch 1,Class 10 Module 1.zip/Ch-1.tex,3,Uncategorized,Uncategorized
ch-2,senior,Ch 2,Class 10 Module 1.zip/Ch-2.tex,3,Uncategorized,Uncategorized
ch-3,senior,Ch 3,Class 10 Module 1.zip/Ch-3.tex,3,Uncategorized,Uncategorized
ch-4,senior,Ch 4,Class 10 Module 1.zip/Ch-4.tex,3,Uncategorized,Uncategorized
ch-5,senior,Ch 5,Class 10 Module 1.zip/Ch-5.tex,3,Uncategorized,Uncategorized
discriminant,senior,Discriminant,Class 10 Module 1.zip/Discriminant.tex,3,Uncategorized,Uncategorized
equations,senior,Equations,Class 10 Module 1.zip/Equations.tex,3,Algebra,Algebraic Expressions
polynomials1,senior,Polynomials1,Class 10 Module 1.zip/Polynomials1.tex,3,Algebra,Polynomials
polynomials2,senior,Polynomials2,Class 10 Module 1.zip/Polynomials2.tex,3,Algebra,Polynomials
pythagoras,senior,Pythagoras,Class 10 Module 1.zip/Pythagoras.tex,3,Uncategorized,Uncategorized
class-10-1,senior,Class 10 1,Tuition Entrance Test.zip/Class 10_1.tex,3,Uncategorized,Uncategorized
class-9-2,senior,Class 9 2,Tuition Entrance Test.zip/Class 9_2.tex,3,Uncategorized,Uncategorized
class-10-2,senior,Class 10 2,Tuition Entrance Test.zip/Class 10_2.tex,3,Uncategorized,Uncategorized
class-9-1,senior,Class 9 1,Tuition Entrance Test.zip/Class 9_1.tex,3,Uncategorized,Uncategorized
ch-13,senior,Ch 13,Standard class 10 Final Prep.zip/Ch-13.tex,3,Uncategorized,Uncategorized
ch-8,senior,Ch 8,Standard class 10 Final Prep.zip/Ch-8.tex,3,Uncategorized,Uncategorized
class-10,senior,Class 10,Science.zip/Class 10.tex,3,Uncategorized,Uncategorized
ch-9-1,senior,Ch 9 1,Class 10 Maths Revision.zip/Ch-9_1.tex,3,Uncategorized,Uncategorized
polynomials,senior,Polynomials,Class 9.zip/Polynomials.tex,3,Algebra,Polynomials
class-12,senior,Class 12,Viva Questions.zip/Class 12.tex,3,Uncategorized,Uncategorized
class-11,senior,Class 11,Viva Questions.zip/Class 11.tex,3,Uncategorized,Uncategorized
class-9,senior,Class 9,Term 1 Papers 2025-26.zip/Class 9.tex,3,Uncategorized,Uncategorized
class-3,senior,Class 3,Term 1 Papers 2025-26.zip/Class 3.tex,3,Uncategorized,Uncategorized
class-4,senior,Class 4,Term 1 Papers 2025-26.zip/Class 4.tex,3,Uncategorized,Uncategorized
class-6,senior,Class 6,Term 1 Papers 2025-26.zip/Class 6.tex,3,Uncategorized,Uncategorized
class-7,senior,Class 7,Term 1 Papers 2025-26.zip/Class 7.tex,3,Uncategorized,Uncategorized
class-8,senior,Class 8,Term 1 Papers 2025-26.zip/Class 8.tex,3,Uncategorized,Uncategorized
class-11-optional,senior,Class 11 Optional,Term 1 Papers 2025-26.zip/Class 11_Optional.tex,3,Uncategorized,Uncategorized
class-12-optional,senior,Class 12 Optional,Term 1 Papers 2025-26.zip/Class_12_Optional.tex,3,Uncategorized,Uncategorized
linear-equations-w1,senior,Linear Equations W1,Class 10 Ch 3.zip/Linear Equations W1.tex,3,Algebra,Linear Equations
polynomials-w1,senior,Polynomials W1,Class 10 Ch 2.zip/Polynomials W1.tex,3,Algebra,Polynomials
polynomials-w2,senior,Polynomials W2,Class 10 Ch 2.zip/Polynomials W2.tex,3,Algebra,Polynomials
polynomials-w3,senior,Polynomials W3,Class 10 Ch 2.zip/Polynomials W3.tex,3,Algebra,Polynomials
polynomials-w4,senior,Polynomials W4,Class 10 Ch 2.zip/Polynomials W4.tex,3,Algebra,Polynomials
class-4-science,senior,Class 4 Science,Shubhi.zip/Class 4 Science.tex,3,Uncategorized,Uncategorized
class-5-science,senior,Class 5 Science,Shubhi.zip/Class 5 Science.tex,3,Uncategorized,Uncategorized
class-5-maths,senior,Class 5 Maths,Shubhi.zip/Class 5 Maths.tex,3,Uncategorized,Uncategorized
class-3-maths,senior,Class 3 Maths,Shubhi.zip/Class 3 Maths.tex,3,Uncategorized,Uncategorized
